Année;Création nette (Mds USD);Principal remboursé (Mds USD);Intérêts payés (Mds USD);Nombre de paiements non-cash (Mds);Volume total échangé non-cash (Mds USD);Sources;Notes
2000;;9231.0;3600.0;80.5;225381.0;"BIS-CPMI (Credit flows & DSR, proxy); ECB/CPMI structure; Capgemini WPR (anchors)";"Proxy estimation (voir méthodo); à recaler avec extractions BIS pays → monde."
2001;3878.0;9160.0;3623.0;90.2;252427.0;"BIS-CPMI (Credit flows & DSR, proxy); ECB/CPMI structure; Capgemini WPR (anchors)";"Proxy estimation (voir méthodo); à recaler avec extractions BIS pays → monde."
2002;4129.0;9679.0;3759.0;101.0;282718.0;"BIS-CPMI (Credit flows & DSR, proxy); ECB/CPMI structure; Capgemini WPR (anchors)";"Proxy estimation (voir méthodo); à recaler avec extractions BIS pays → monde."
2003;4396.0;10227.0;3896.0;113.1;316644.0;"BIS-CPMI (Credit flows & DSR, proxy); ECB/CPMI structure; Capgemini WPR (anchors)";"Proxy estimation (voir méthodo); à recaler avec extractions BIS pays → monde."
2004;4680.0;10807.0;4036.0;126.7;354642.0;"BIS-CPMI (Credit flows & DSR, proxy); ECB/CPMI structure; Capgemini WPR (anchors)";"Proxy estimation (voir méthodo); à recaler avec extractions BIS pays → monde."
2005;4983.0;11420.0;4178.0;141.9;397199.0;"BIS-CPMI (Credit flows & DSR, proxy); ECB/CPMI structure; Capgemini WPR (anchors)";"Proxy estimation (voir méthodo); à recaler avec extractions BIS pays → monde."
2006;5305.0;12069.0;4321.0;158.9;444863.0;"BIS-CPMI (Credit flows & DSR, proxy); ECB/CPMI structure; Capgemini WPR (anchors)";"Proxy estimation (voir méthodo); à recaler avec extractions BIS pays → monde."
2007;5648.0;12755.0;4465.0;177.9;498246.0;"BIS-CPMI (Credit flows & DSR, proxy); ECB/CPMI structure; Capgemini WPR (anchors)";"Proxy estimation (voir méthodo); à recaler avec extractions BIS pays → monde."
2008;6013.0;13481.0;4609.0;199.3;558036.0;"BIS-CPMI (Credit flows & DSR, proxy); ECB/CPMI structure; Capgemini WPR (anchors)";"Proxy estimation (voir méthodo); à recaler avec extractions BIS pays → monde."
2009;6402.0;14249.0;4754.0;223.2;625000.0;"BIS-CPMI (Credit flows & DSR, proxy); ECB/CPMI structure; Capgemini WPR (anchors)";"Proxy estimation (voir méthodo); à recaler avec extractions BIS pays → monde."
2010;6815.0;15062.0;4898.0;250.0;700000.0;"BIS-CPMI (Credit flows & DSR, proxy); ECB/CPMI structure; Capgemini WPR (anchors)";"Proxy estimation (voir méthodo); à recaler avec extractions BIS pays → monde."
2011;7256.0;15922.0;5041.0;292.7;815261.0;"BIS-CPMI (Credit flows & DSR, proxy); ECB/CPMI structure; Capgemini WPR (anchors)";"Proxy estimation (voir méthodo); à recaler avec extractions BIS pays → monde."
2012;7725.0;16832.0;5181.0;342.7;949501.0;"BIS-CPMI (Credit flows & DSR, proxy); ECB/CPMI structure; Capgemini WPR (anchors)";"Proxy estimation (voir méthodo); à recaler avec extractions BIS pays → monde."
2013;8224.0;17795.0;5319.0;401.2;1105844.0;"BIS-CPMI (Credit flows & DSR, proxy); ECB/CPMI structure; Capgemini WPR (anchors)";"Proxy estimation (voir méthodo); à recaler avec extractions BIS pays → monde."
2014;8756.0;18813.0;5453.0;469.8;1287931.0;"BIS-CPMI (Credit flows & DSR, proxy); ECB/CPMI structure; Capgemini WPR (anchors)";"Proxy estimation (voir méthodo); à recaler avec extractions BIS pays → monde."
2015;9322.0;19891.0;5583.0;550.0;1500000.0;"BIS-CPMI (Credit flows & DSR, proxy); ECB/CPMI structure; Capgemini WPR (anchors)";"Proxy estimation (voir méthodo); à recaler avec extractions BIS pays → monde."
2016;9925.0;21032.0;5706.0;613.5;1699435.0;"BIS-CPMI (Credit flows & DSR, proxy); ECB/CPMI structure; Capgemini WPR (anchors)";"Proxy estimation (voir méthodo); à recaler avec extractions BIS pays → monde."
2017;10566.0;22239.0;5822.0;684.4;1925387.0;"BIS-CPMI (Credit flows & DSR, proxy); ECB/CPMI structure; Capgemini WPR (anchors)";"Proxy estimation (voir méthodo); à recaler avec extractions BIS pays → monde."
2018;11249.0;23517.0;5928.0;763.4;2181380.0;"BIS-CPMI (Credit flows & DSR, proxy); ECB/CPMI structure; Capgemini WPR (anchors)";"Proxy estimation (voir méthodo); à recaler avec extractions BIS pays → monde."
2019;11976.0;24869.0;6025.0;851.6;2471409.0;"BIS-CPMI (Credit flows & DSR, proxy); ECB/CPMI structure; Capgemini WPR (anchors)";"Proxy estimation (voir méthodo); à recaler avec extractions BIS pays → monde."
2020;12751.0;26300.0;6109.0;950.0;2800000.0;"BIS-CPMI (Credit flows & DSR, proxy); ECB/CPMI structure; Capgemini WPR (anchors)";"Proxy estimation (voir méthodo); à recaler avec extractions BIS pays → monde."
