Année,Création nette (Mds USD),Principal remboursé (Mds USD),Intérêts payés (Mds USD),Nombre de paiements non-cash (Mds),Volume total échangé non-cash (Mds USD),Sources,Notes,"Masse totale (Stock, Mds USD)",Part créée (% masse),Part remboursée (% masse),"Différence (Création - Remboursement, Mds USD)",Taux de remboursement (% masse)
2000,,9231.0,3600.0,80.5,225381.0,"BIS-CPMI (Credit flows & DSR, proxy); ECB/CPMI structure; Capgemini WPR (anchors)",Proxy estimation (voir méthodo); à recaler avec extractions BIS pays → monde.,60000.0,,15.384999999999998,,15.384999999999998
2001,3878.0,9160.0,3623.0,90.2,252427.0,"BIS-CPMI (Credit flows & DSR, proxy); ECB/CPMI structure; Capgemini WPR (anchors)",Proxy estimation (voir méthodo); à recaler avec extractions BIS pays → monde.,63878.491638535976,6.070901019304155,14.339724945029927,-5282.0,14.339724945029927
2002,4129.0,9679.0,3759.0,101.0,282718.0,"BIS-CPMI (Credit flows & DSR, proxy); ECB/CPMI structure; Capgemini WPR (anchors)",Proxy estimation (voir méthodo); à recaler avec extractions BIS pays → monde.,68007.69490024184,6.071371785290898,14.232213007951222,-5550.0,14.232213007951222
2003,4396.0,10227.0,3896.0,113.1,316644.0,"BIS-CPMI (Credit flows & DSR, proxy); ECB/CPMI structure; Capgemini WPR (anchors)",Proxy estimation (voir méthodo); à recaler avec extractions BIS pays → monde.,72403.8161673534,6.071503178560551,14.12494608897606,-5831.0,14.12494608897606
2004,4680.0,10807.0,4036.0,126.7,354642.0,"BIS-CPMI (Credit flows & DSR, proxy); ECB/CPMI structure; Capgemini WPR (anchors)",Proxy estimation (voir méthodo); à recaler avec extractions BIS pays → monde.,77084.10942740634,6.071290224099134,14.019750737572508,-6127.0,14.019750737572508
2005,4983.0,11420.0,4178.0,141.9,397199.0,"BIS-CPMI (Credit flows & DSR, proxy); ECB/CPMI structure; Capgemini WPR (anchors)",Proxy estimation (voir méthodo); à recaler avec extractions BIS pays → monde.,82066.9439920428,6.071872251613453,13.915468816661775,-6437.0,13.915468816661775
2006,5305.0,12069.0,4321.0,158.9,444863.0,"BIS-CPMI (Credit flows & DSR, proxy); ECB/CPMI structure; Capgemini WPR (anchors)",Proxy estimation (voir méthodo); à recaler avec extractions BIS pays → monde.,87371.8765932651,6.071747805871124,13.813369324987482,-6764.0,13.813369324987482
2007,5648.0,12755.0,4465.0,177.9,498246.0,"BIS-CPMI (Credit flows & DSR, proxy); ECB/CPMI structure; Capgemini WPR (anchors)",Proxy estimation (voir méthodo); à recaler avec extractions BIS pays → monde.,93019.72814010136,6.07183025894602,13.712144998735212,-7107.0,13.712144998735212
2008,6013.0,13481.0,4609.0,199.3,558036.0,"BIS-CPMI (Credit flows & DSR, proxy); ECB/CPMI structure; Capgemini WPR (anchors)",Proxy estimation (voir méthodo); à recaler avec extractions BIS pays → monde.,99032.66543693923,6.071733981378984,13.612680160148027,-7468.0,13.612680160148027
2009,6402.0,14249.0,4754.0,223.2,625000.0,"BIS-CPMI (Credit flows & DSR, proxy); ECB/CPMI structure; Capgemini WPR (anchors)",Proxy estimation (voir méthodo); à recaler avec extractions BIS pays → monde.,105434.28818425756,6.072028474087887,13.51457883900005,-7847.0,13.51457883900005
2010,6815.0,15062.0,4898.0,250.0,700000.0,"BIS-CPMI (Credit flows & DSR, proxy); ECB/CPMI structure; Capgemini WPR (anchors)",Proxy estimation (voir méthodo); à recaler avec extractions BIS pays → monde.,112249.72160321815,6.071284545443913,13.418296085616465,-8247.0,13.418296085616465
2011,7256.0,15922.0,5041.0,292.7,815261.0,"BIS-CPMI (Credit flows & DSR, proxy); ECB/CPMI structure; Capgemini WPR (anchors)",Proxy estimation (voir méthodo); à recaler avec extractions BIS pays → monde.,119505.71504765269,6.071676151309319,13.323212194204379,-8666.0,13.323212194204379
2012,7725.0,16832.0,5181.0,342.7,949501.0,"BIS-CPMI (Credit flows & DSR, proxy); ECB/CPMI structure; Capgemini WPR (anchors)",Proxy estimation (voir méthodo); à recaler avec extractions BIS pays → monde.,127230.74699047909,6.071645559526641,13.229506544718761,-9107.0,13.229506544718761
2013,8224.0,17795.0,5319.0,401.2,1105844.0,"BIS-CPMI (Credit flows & DSR, proxy); ECB/CPMI structure; Capgemini WPR (anchors)",Proxy estimation (voir méthodo); à recaler avec extractions BIS pays → monde.,135455.13679660007,6.071382890668214,13.137190970262749,-9571.0,13.137190970262749
2014,8756.0,18813.0,5453.0,469.8,1287931.0,"BIS-CPMI (Credit flows & DSR, proxy); ECB/CPMI structure; Capgemini WPR (anchors)",Proxy estimation (voir méthodo); à recaler avec extractions BIS pays → monde.,144211.16372097275,6.071651995639924,13.045453288484913,-10057.0,13.045453288484913
2015,9322.0,19891.0,5583.0,550.0,1500000.0,"BIS-CPMI (Credit flows & DSR, proxy); ECB/CPMI structure; Capgemini WPR (anchors)",Proxy estimation (voir méthodo); à recaler avec extractions BIS pays → monde.,153533.19359889498,6.071651205506542,12.955504626553383,-10569.0,12.955504626553383
2016,9925.0,21032.0,5706.0,613.5,1699435.0,"BIS-CPMI (Credit flows & DSR, proxy); ECB/CPMI structure; Capgemini WPR (anchors)",Proxy estimation (voir méthodo); à recaler avec extractions BIS pays → monde.,163457.81372574565,6.071903064023882,12.866928487914386,-11107.0,12.866928487914386
2017,10566.0,22239.0,5822.0,684.4,1925387.0,"BIS-CPMI (Credit flows & DSR, proxy); ECB/CPMI structure; Capgemini WPR (anchors)",Proxy estimation (voir méthodo); à recaler avec extractions BIS pays → monde.,174023.9764555569,6.071577155748074,12.779273553537898,-11673.0,12.779273553537898
2018,11249.0,23517.0,5928.0,763.4,2181380.0,"BIS-CPMI (Credit flows & DSR, proxy); ECB/CPMI structure; Capgemini WPR (anchors)",Proxy estimation (voir méthodo); à recaler avec extractions BIS pays → monde.,185273.15208201788,6.071575872482712,12.693150483880874,-12268.0,12.693150483880874
2019,11976.0,24869.0,6025.0,851.6,2471409.0,"BIS-CPMI (Credit flows & DSR, proxy); ECB/CPMI structure; Capgemini WPR (anchors)",Proxy estimation (voir méthodo); à recaler avec extractions BIS pays → monde.,197249.49160193972,6.071498538596097,12.607890544117096,-12893.0,12.607890544117096
2020,12751.0,26300.0,6109.0,950.0,2800000.0,"BIS-CPMI (Credit flows & DSR, proxy); ECB/CPMI structure; Capgemini WPR (anchors)",Proxy estimation (voir méthodo); à recaler avec extractions BIS pays → monde.,209999.99999999965,6.071904761904772,12.523809523809545,-13549.0,12.523809523809545
